1	10053013517_0070175978	0.000000	8.800000	0.000010	100.000000	1	0.000000
2	10512823435_0070205325	15.000000	8.800000	0.001140	99.000000	539	0.000000
3	698726182_0070170938	14.000000	8.800000	0.000790	96.000000	604	0.000000
4	10556384755_0070205325	16.000000	8.800000	0.001900	99.000000	539	0.000000
5	10563204242_0070182542	160.000000	8.800000	0.007800	100.000000	2180	0.000000
6	10496139158_0070205325	1.000000	8.800000	0.000450	99.000000	539	0.000000
7	10480012956_0070205325	1.000000	8.800000	0.000020	100.000000	28	0.000000
8	10573866307_0070224382	3.000000	8.800000	0.000210	100.000000	1	0.000000
9	10496139407_0070205325	3.000000	8.800000	0.000100	99.000000	539	0.000000
10	10512895500_0070205325	4.000000	8.800000	0.000530	99.000000	539	0.000000
11	839121442_0070164450	3.000000	8.800000	0.000720	94.000000	38	0.644930
12	624718683_0070137013	25.000000	8.800000	0.002800	98.000000	35586	0.866940
13	10578983769_0070225850	0.000000	8.800000	0.000000	100.000000	0	0.000000
14	673806924_0070121079	2.000000	8.800000	0.000120	100.000000	67	0.750670
15	10573866382_0070224382	0.000000	8.800000	0.000000	100.000000	0	0.000000
16	10496138854_0070205325	12.000000	8.800000	0.001210	99.000000	539	0.000000
17	124178030_0070066087	0.000000	8.800000	0.000000	0.000000	0	0.669120
18	10579038195_0070225850	1.000000	8.800000	0.000000	100.000000	0	0.000000
19	10563204227_0070182542	56.000000	8.800000	0.004600	100.000000	2180	0.000000
20	10496138961_0070205325	3.000000	8.800000	0.000270	99.000000	539	0.000000
21	10579051261_0070225850	0.000000	8.800000	0.000000	100.000000	0	0.000000
22	10573864395_0070224382	0.000000	8.800000	0.000000	100.000000	0	0.000000
23	10578988461_0070225850	4.000000	8.800000	0.000580	100.000000	0	0.000000
24	10512801727_0070205325	7.000000	8.800000	0.000830	99.000000	539	0.000000
25	10573865396_0070224382	0.000000	8.800000	0.000000	100.000000	0	0.000000
26	10562080203_0070196572	0.000000	8.800000	0.000000	100.000000	0	0.000000
27	10479999297_0070205325	15.000000	8.800000	0.000430	99.000000	426	0.000000
28	10512792611_0070205325	5.000000	8.800000	0.000350	99.000000	539	0.000000
29	10573870408_0070224382	2.000000	8.800000	0.000390	100.000000	1	0.000000
30	10579036152_0070225850	1.000000	8.800000	0.000190	100.000000	0	0.000000
31	10568168217_0070137013	84.000000	8.800000	0.005220	100.000000	30	0.866940
32	10579051538_0070225850	0.000000	8.800000	0.000000	100.000000	0	0.000000
33	10512874017_0070205325	4.000000	8.800000	0.000360	99.000000	539	0.000000
34	10573923010_0070224382	1.000000	8.800000	0.000200	100.000000	0	0.000000
35	622014143_0070121079	0.000000	8.800000	0.000320	98.000000	94	0.750670
36	10578984838_0070225850	0.000000	8.800000	0.000000	100.000000	0	0.000000
37	10496139723_0070205325	0.000000	8.800000	0.000020	99.000000	539	0.000000
38	10496139290_0070205325	1.000000	8.800000	0.000110	99.000000	539	0.000000
39	10563204245_0070182542	42453.000000	8.800000	0.793910	100.000000	2180	0.000000
40	10514955501_0070075671	0.000000	8.800000	0.000000	0.000000	0	0.775910
41	10573926687_0070224382	0.000000	8.800000	0.000000	100.000000	0	0.000000
42	10573884985_0070224382	4.000000	8.800000	0.000630	100.000000	1	0.000000
43	10539915486_0070137013	3.000000	8.800000	0.000140	100.000000	19	0.866940
44	10496139055_0070205325	6.000000	8.800000	0.000380	99.000000	539	0.000000
45	10539093694_0070152425	0.000000	8.800000	0.000000	0.000000	0	0.734920
46	622014161_0070121079	0.000000	8.800000	0.000030	98.000000	94	0.750670
47	10545997252_0070137013	6.000000	8.800000	0.000460	100.000000	11	0.866940
48	10579050830_0070225850	0.000000	8.800000	0.000000	100.000000	0	0.000000
49	10556838738_0070137013	31.000000	8.800000	0.001690	100.000000	54	0.866940
50	10573918016_0070224382	1.000000	8.800000	0.000000	100.000000	0	0.000000
51	826177416_0070170938	22.000000	8.800000	0.002210	96.000000	604	0.000000
52	10573863597_0070224382	3.000000	8.800000	0.000580	100.000000	0	0.000000
53	622014074_0070121079	1.000000	8.800000	0.000080	98.000000	94	0.750670
54	10573864192_0070224382	2.000000	8.800000	0.000730	100.000000	0	0.000000
55	10536888496_0070205325	31.000000	8.800000	0.003220	99.000000	539	0.000000
56	10512886305_0070205325	2.000000	8.800000	0.000100	99.000000	539	0.000000
57	10480012531_0070205325	14.000000	8.800000	0.000090	100.000000	28	0.000000
58	10578986102_0070225850	0.000000	8.800000	0.000000	100.000000	0	0.000000
59	649707079_0070164450	1.000000	8.800000	0.000300	93.000000	29	0.644930
60	10573870693_0070224382	0.000000	8.800000	0.000000	100.000000	0	0.000000
61	10567774882_0070217700	0.000000	8.800000	0.000000	0.000000	0	0.000000
62	10512789870_0070205325	2.000000	8.800000	0.000450	99.000000	539	0.000000
63	622014133_0070121079	1.000000	8.800000	0.000020	98.000000	94	0.750670
64	10496139898_0070205325	0.000000	8.800000	0.000030	99.000000	539	0.000000
65	190482925_0070152425	3.000000	8.800000	0.000490	98.000000	86	0.734920
66	10512797953_0070205325	6.000000	8.800000	0.000350	99.000000	539	0.000000
67	10496138649_0070205325	8.000000	8.800000	0.000570	99.000000	539	0.000000
68	10579051639_0070225850	0.000000	8.800000	0.000000	100.000000	0	0.000000
69	10578988071_0070225850	0.000000	8.800000	0.000000	100.000000	0	0.000000
70	10573924936_0070224382	0.000000	8.800000	0.000000	100.000000	0	0.000000
71	10578985675_0070225850	0.000000	8.800000	0.000000	100.000000	0	0.000000
72	10578704931_0070205325	16.000000	8.800000	0.001720	99.000000	539	0.000000
73	10512814492_0070205325	7.000000	8.800000	0.000370	99.000000	539	0.000000
74	122348799_0070066087	0.000000	8.800000	0.000130	88.000000	41	0.669120
75	10563207283_0070182542	50.000000	8.800000	0.004820	100.000000	2180	0.000000
76	10556384668_0070205325	33.000000	8.800000	0.002320	99.000000	539	0.000000
77	10547204689_0070203680	5.000000	8.800000	0.000740	100.000000	0	0.000000
78	10512806041_0070205325	17.000000	8.800000	0.001630	99.000000	539	0.000000
79	622014207_0070121079	1.000000	8.800000	0.000070	98.000000	94	0.750670
80	10578704932_0070205325	8.000000	8.800000	0.000600	99.000000	539	0.000000
81	10546001831_0070205325	21.000000	8.800000	0.001220	99.000000	295	0.000000
82	826177527_0070170938	10.000000	8.800000	0.001590	96.000000	604	0.000000
83	10496138744_0070205325	1.000000	8.800000	0.000090	99.000000	539	0.000000
84	10578986143_0070225850	0.000000	8.800000	0.000000	100.000000	0	0.000000
85	10573925217_0070224382	0.000000	8.800000	0.000000	100.000000	0	0.000000
86	10496139768_0070205325	3.000000	8.800000	0.000210	99.000000	539	0.000000
87	10512799644_0070205325	2.000000	8.800000	0.000190	99.000000	539	0.000000
88	10546734091_0070137013	4.000000	8.800000	0.000180	100.000000	5	0.866940
89	10545999934_0070205325	45.000000	8.800000	0.003000	99.000000	295	0.000000
90	10560857547_0070205325	10.000000	8.800000	0.000950	99.000000	539	0.000000
91	624718604_0070137013	63.000000	8.800000	0.004300	98.000000	35586	0.866940
92	10512811614_0070205325	28.000000	8.800000	0.002630	99.000000	539	0.000000
93	10578989766_0070225850	0.000000	8.800000	0.000000	100.000000	0	0.000000
94	10536888621_0070205325	74.000000	8.800000	0.006030	99.000000	539	0.000000
95	10496139872_0070205325	3.000000	8.800000	0.000270	99.000000	539	0.000000
96	10573916525_0070224382	1.000000	8.800000	0.000200	100.000000	0	0.000000
97	10573866470_0070224382	3.000000	8.800000	0.000390	100.000000	1	0.000000
98	650144080_0070164450	0.000000	8.800000	0.000060	100.000000	18	0.644930
99	10560857590_0070205325	6.000000	8.800000	0.000510	99.000000	539	0.000000
100	10496139484_0070205325	9.000000	8.800000	0.000620	99.000000	539	0.000000
101	10496138497_0070205325	3.000000	8.800000	0.000250	99.000000	539	0.000000
102	10578986317_0070225850	0.000000	8.800000	0.000000	100.000000	0	0.000000
103	10578986529_0070225850	0.000000	8.800000	0.000000	100.000000	0	0.000000
104	839310264_0070164450	1.000000	8.800000	0.000230	86.000000	7	0.644930
105	10511569443_0070205325	5.000000	8.800000	0.000880	99.000000	539	0.000000
106	10546555993_0070203680	0.000000	8.800000	0.000000	100.000000	1	0.000000
107	10032373644_0070170938	7.000000	8.850000	0.000960	99.000000	239	0.000000
108	605468150_0070086059	3.000000	8.880000	0.001548	96.000000	228	0.757230
109	10339266235_0070203680	0.000000	8.890000	0.000000	100.000000	0	0.000000
110	10339321924_0070203680	0.000000	8.890000	0.000000	100.000000	0	0.000000
111	10339300884_0070203680	0.000000	8.890000	0.000000	100.000000	0	0.000000
112	10339310054_0070203680	0.000000	8.890000	0.000000	100.000000	0	0.000000
113	10339317090_0070203680	0.000000	8.890000	0.000000	100.000000	0	0.000000
114	10339444940_0070203680	1.000000	8.890000	0.000210	100.000000	1	0.000000
115	10339530196_0070203680	1.000000	8.890000	0.000020	100.000000	1	0.000000
116	10339513387_0070203680	0.000000	8.890000	0.000000	100.000000	1	0.000000
117	718575288_0070166225	11.000000	8.900000	0.000380	98.000000	636	0.757070
118	10586453143_0070221122	0.000000	8.900000	0.000000	0.000000	0	0.000000
119	718555941_0070166225	35.000000	8.900000	0.004620	98.000000	636	0.757070
120	142854170_0070076211	0.000000	8.900000	0.000010	0.000000	0	0.593230
121	718566154_0070166225	20.000000	8.900000	0.003320	98.000000	636	0.757070
122	162503277_0000000000	167.000000	8.900000	0.049160	99.000000	27052	1.000000
123	132407449_0000000000	292.000000	8.900000	0.084190	99.000000	2915	1.000000
124	10522850552_0070183531	8.000000	8.900000	0.000020	100.000000	4	0.000000
125	10583701860_0070221176	0.000000	8.900000	0.000000	0.000000	0	0.000000
126	718517914_0070166225	21.000000	8.900000	0.002720	98.000000	636	0.757070
127	10549407658_0070143544	0.000000	8.900000	0.000000	100.000000	1	0.752320
128	10584749503_0070221122	0.000000	8.900000	0.000000	0.000000	0	0.000000
129	184115648_0070139577	0.000000	8.900000	0.000160	98.000000	716	0.756690
130	101688447_0070177580	0.000000	8.900000	0.000030	100.000000	23	0.000000
131	637961116_0070166225	7.000000	8.900000	0.002930	97.000000	254	0.757070
132	10585098011_0070221122	0.000000	8.900000	0.000000	0.000000	0	0.000000
133	630801264_0070152425	45.000000	8.900000	0.004776	95.000000	319	0.734920
134	184500451_0070139577	0.000000	8.900000	0.000070	98.000000	716	0.756690
135	10583109880_0070226074	0.000000	8.910000	0.000000	0.000000	0	0.000000
136	10574172873_0070216901	0.000000	9.000000	0.000000	0.000000	0	0.000000
137	10035411223_0070141011	23.000000	9.000000	0.001812	95.000000	77	0.826410
138	695038509_0070152425	1.000000	9.000000	0.000090	100.000000	3	0.734920
139	120233998_0070063590	0.000000	9.000000	0.000020	89.000000	9	0.758830
140	10562311297_0070212387	10.000000	9.000000	0.041180	100.000000	3	0.000000
141	10573880667_0070224382	1.000000	9.000000	0.000200	100.000000	0	0.000000
142	10559644152_0070204364	0.000000	9.000000	0.000000	100.000000	0	0.000000
143	10571552540_0070141011	12.000000	9.000000	0.001044	95.000000	77	0.826410
144	10287648559_0000000000	7.000000	9.100000	0.003750	100.000000	11	1.000000
145	101533853_0070172806	0.000000	9.100000	0.000000	0.000000	0	0.000000
146	10583128842_0070219378	0.000000	9.200000	0.000000	0.000000	0	0.000000
147	10584090012_0070219378	0.000000	9.200000	0.000000	100.000000	0	0.000000
148	10583117135_0070219378	0.000000	9.200000	0.000000	0.000000	0	0.000000
149	10026038555_0070170938	1.000000	9.300000	0.003490	98.000000	81	0.000000
150	654541102_0000000000	1536.000000	9.400000	0.096816	99.000000	27809	1.000000
151	10586578319_0070067633	0.000000	9.400000	0.000000	0.000000	0	0.742760
152	10573895330_0070224382	0.000000	9.400000	0.000000	100.000000	0	0.000000
153	138637471_0070075805	6.000000	9.500000	0.010230	100.000000	12	0.656450
154	610900661_0070152425	1.000000	9.500000	0.000730	98.000000	142	0.734920
155	610900668_0070152425	2.000000	9.500000	0.001590	98.000000	142	0.734920
156	604689525_0070154738	0.000000	9.500000	0.000100	100.000000	55	0.640540
157	10104708714_0070170938	5.000000	9.500000	0.003750	98.000000	205	0.000000
158	610900194_0070152425	9.000000	9.500000	0.003920	98.000000	142	0.734920
159	708810174_0070170938	3.000000	9.500000	0.002080	98.000000	205	0.000000
160	193484051_0070064101	0.000000	9.500000	0.000876	99.000000	819	0.831350
161	10576500440_0070202716	7.000000	9.500000	0.002590	0.000000	0	0.000000
162	10579036023_0070225850	0.000000	9.600000	0.000000	100.000000	0	0.000000
163	10579036404_0070225850	0.000000	9.600000	0.000000	100.000000	0	0.000000
164	10578993079_0070225850	0.000000	9.600000	0.000000	100.000000	0	0.000000
165	10573913391_0070224382	0.000000	9.600000	0.000000	100.000000	0	0.000000
166	10573874391_0070224382	0.000000	9.600000	0.000010	100.000000	0	0.000000
167	10579045065_0070225850	0.000000	9.600000	0.000000	100.000000	0	0.000000
168	10579031946_0070225850	0.000000	9.600000	0.000000	100.000000	0	0.000000
169	10579045317_0070225850	0.000000	9.600000	0.000000	100.000000	0	0.000000
170	10579034421_0070225850	0.000000	9.600000	0.000000	100.000000	0	0.000000
171	10579034620_0070225850	0.000000	9.600000	0.000000	100.000000	0	0.000000
172	10579036714_0070225850	0.000000	9.600000	0.000000	100.000000	0	0.000000
173	10573870866_0070224382	2.000000	9.600000	0.000400	100.000000	0	0.000000
174	10573909006_0070224382	0.000000	9.600000	0.000000	100.000000	0	0.000000
175	10579036121_0070225850	0.000000	9.600000	0.000000	100.000000	0	0.000000
176	10579000303_0070225850	0.000000	9.600000	0.000000	100.000000	0	0.000000
177	10578990104_0070225850	0.000000	9.600000	0.000000	100.000000	0	0.000000
178	10579038433_0070225850	0.000000	9.600000	0.000000	100.000000	0	0.000000
179	10579034312_0070225850	0.000000	9.600000	0.000000	100.000000	0	0.000000
180	10579037143_0070225850	0.000000	9.600000	0.000000	100.000000	0	0.000000
181	10573914259_0070224382	0.000000	9.600000	0.000000	100.000000	0	0.000000
182	10578986525_0070225850	0.000000	9.600000	0.000000	100.000000	0	0.000000
183	10573918115_0070224382	0.000000	9.600000	0.000000	100.000000	0	0.000000
184	10573927804_0070224382	0.000000	9.600000	0.000000	100.000000	0	0.000000
185	10579045858_0070225850	0.000000	9.600000	0.000000	100.000000	0	0.000000
186	10573927756_0070224382	0.000000	9.600000	0.000000	100.000000	0	0.000000
187	10573915541_0070224382	0.000000	9.600000	0.000000	100.000000	0	0.000000
188	10578986542_0070225850	2.000000	9.600000	0.000200	100.000000	0	0.000000
189	10573914637_0070224382	0.000000	9.600000	0.000000	100.000000	0	0.000000
190	10579038294_0070225850	0.000000	9.600000	0.000000	100.000000	0	0.000000
191	10579046029_0070225850	1.000000	9.600000	0.000200	100.000000	0	0.000000
192	10573885454_0070224382	0.000000	9.600000	0.000000	100.000000	0	0.000000
193	10573914779_0070224382	0.000000	9.600000	0.000000	100.000000	0	0.000000
194	10573915068_0070224382	0.000000	9.600000	0.000000	100.000000	0	0.000000
195	149113204_0070066087	0.000000	9.600000	0.000050	0.000000	0	0.669120
196	10579014931_0070225850	0.000000	9.700000	0.000000	100.000000	0	0.000000
197	10573900656_0070224382	0.000000	9.700000	0.000000	100.000000	0	0.000000
198	10579007901_0070225850	0.000000	9.700000	0.000000	0.000000	0	0.000000
199	10573871300_0070224382	0.000000	9.700000	0.000000	100.000000	0	0.000000
200	10579007925_0070225850	0.000000	9.700000	0.000000	0.000000	0	0.000000
201	10573871514_0070224382	0.000000	9.700000	0.000000	100.000000	0	0.000000
202	10573875026_0070224382	0.000000	9.700000	0.000000	100.000000	0	0.000000
203	10579022457_0070225850	0.000000	9.700000	0.000000	100.000000	0	0.000000
204	10579007859_0070225850	0.000000	9.700000	0.000000	0.000000	0	0.000000
205	10573876346_0070224382	0.000000	9.700000	0.000000	100.000000	0	0.000000
206	10573870993_0070224382	0.000000	9.700000	0.000000	100.000000	0	0.000000
207	10579007896_0070225850	0.000000	9.700000	0.000000	0.000000	0	0.000000
208	10573873328_0070224382	0.000000	9.700000	0.000000	100.000000	0	0.000000
209	10579007781_0070225850	0.000000	9.700000	0.000000	0.000000	0	0.000000
210	10579016911_0070225850	0.000000	9.700000	0.000000	100.000000	0	0.000000
211	10578994339_0070225850	0.000000	9.700000	0.000000	100.000000	0	0.000000
212	10579007861_0070225850	0.000000	9.700000	0.000000	0.000000	0	0.000000
213	10023234071_0070170938	0.000000	9.700000	0.000010	88.000000	17	0.000000
214	10023135525_0070170938	0.000000	9.700000	0.000010	88.000000	17	0.000000
215	10579007991_0070225850	0.000000	9.700000	0.000000	0.000000	0	0.000000
216	10573873044_0070224382	0.000000	9.700000	0.000000	100.000000	0	0.000000
217	10573892824_0070224382	1.000000	9.700000	0.000540	100.000000	0	0.000000
218	10579003792_0070225850	0.000000	9.700000	0.000000	100.000000	0	0.000000
219	10573889676_0070224382	0.000000	9.700000	0.000000	100.000000	0	0.000000
220	10579018824_0070225850	0.000000	9.700000	0.000000	100.000000	0	0.000000
221	10573897254_0070224382	0.000000	9.700000	0.000000	100.000000	0	0.000000
222	10579004824_0070225850	0.000000	9.700000	0.000000	100.000000	0	0.000000
223	10579015581_0070225850	0.000000	9.700000	0.000000	100.000000	0	0.000000
224	10573873747_0070224382	0.000000	9.700000	0.000000	100.000000	0	0.000000
225	10579036586_0070225850	0.000000	9.700000	0.000000	100.000000	0	0.000000
226	10578994952_0070225850	0.000000	9.700000	0.000000	100.000000	0	0.000000
227	10579007854_0070225850	0.000000	9.700000	0.000000	0.000000	0	0.000000
228	10579007884_0070225850	0.000000	9.700000	0.000000	0.000000	0	0.000000
229	10579007949_0070225850	0.000000	9.700000	0.000000	0.000000	0	0.000000
230	10579003516_0070225850	0.000000	9.700000	0.000000	100.000000	0	0.000000
231	10573873012_0070224382	0.000000	9.700000	0.000000	100.000000	0	0.000000
232	10579018143_0070225850	0.000000	9.700000	0.000000	100.000000	0	0.000000
233	10023185011_0070170938	0.000000	9.700000	0.000500	88.000000	17	0.000000
234	10573873975_0070224382	0.000000	9.700000	0.000000	100.000000	0	0.000000
235	10578987002_0070225850	7.000000	9.700000	0.001190	100.000000	0	0.000000
236	10573869480_0070224382	0.000000	9.700000	0.000000	100.000000	0	0.000000
237	10573873796_0070224382	0.000000	9.700000	0.000000	100.000000	0	0.000000
238	10578985825_0070225850	0.000000	9.700000	0.000000	100.000000	0	0.000000
239	10579007903_0070225850	0.000000	9.700000	0.000000	0.000000	0	0.000000
240	10579007874_0070225850	0.000000	9.700000	0.000000	0.000000	0	0.000000
241	10573900879_0070224382	0.000000	9.700000	0.000000	100.000000	0	0.000000
242	10579008002_0070225850	0.000000	9.700000	0.000000	0.000000	0	0.000000
243	10573870673_0070224382	0.000000	9.700000	0.000000	100.000000	0	0.000000
244	10573873127_0070224382	0.000000	9.700000	0.000000	100.000000	0	0.000000
245	10573898858_0070224382	0.000000	9.700000	0.000000	100.000000	0	0.000000
246	10573869570_0070224382	0.000000	9.700000	0.000000	100.000000	0	0.000000
247	10573889201_0070224382	0.000000	9.700000	0.000000	100.000000	0	0.000000
248	10573873451_0070224382	1.000000	9.700000	0.000210	100.000000	0	0.000000
249	10579007823_0070225850	0.000000	9.700000	0.000000	0.000000	0	0.000000
250	10579020546_0070225850	0.000000	9.700000	0.000000	100.000000	0	0.000000
251	10578994968_0070225850	0.000000	9.700000	0.000000	100.000000	0	0.000000
252	10579015629_0070225850	0.000000	9.700000	0.000000	100.000000	0	0.000000
253	10573890072_0070224382	0.000000	9.700000	0.000000	100.000000	0	0.000000
254	10578992805_0070225850	0.000000	9.700000	0.000000	100.000000	0	0.000000
255	10579013676_0070225850	0.000000	9.700000	0.000000	100.000000	0	0.000000
256	10573901240_0070224382	0.000000	9.700000	0.000000	100.000000	0	0.000000
257	10578987566_0070225850	0.000000	9.700000	0.000000	100.000000	0	0.000000
258	10579000540_0070225850	0.000000	9.700000	0.000000	100.000000	0	0.000000
259	10579000713_0070225850	0.000000	9.700000	0.000000	100.000000	0	0.000000
260	10579008036_0070225850	0.000000	9.700000	0.000000	0.000000	0	0.000000
261	10573872797_0070224382	3.000000	9.700000	0.000610	100.000000	0	0.000000
262	10579007779_0070225850	1.000000	9.700000	0.000340	0.000000	0	0.000000
263	10579018304_0070225850	0.000000	9.700000	0.000000	100.000000	0	0.000000
264	10032265943_0070170938	0.000000	9.700000	0.000030	99.000000	239	0.000000
265	10578995277_0070225850	0.000000	9.700000	0.000000	100.000000	0	0.000000
266	10573900640_0070224382	0.000000	9.700000	0.000000	100.000000	0	0.000000
267	10573869362_0070224382	0.000000	9.700000	0.000000	100.000000	0	0.000000
268	10578994482_0070225850	0.000000	9.700000	0.000000	100.000000	0	0.000000
269	10579025952_0070225850	0.000000	9.700000	0.000000	100.000000	0	0.000000
270	10578994155_0070225850	0.000000	9.700000	0.000000	100.000000	0	0.000000
271	10579007891_0070225850	0.000000	9.700000	0.000000	0.000000	0	0.000000
272	10573874256_0070224382	0.000000	9.700000	0.000000	100.000000	0	0.000000
273	10573891374_0070224382	0.000000	9.700000	0.000000	100.000000	0	0.000000
274	10579009259_0070225850	0.000000	9.700000	0.000000	100.000000	0	0.000000
275	10573906353_0070224382	3.000000	9.700000	0.000200	100.000000	0	0.000000
276	10579007862_0070225850	0.000000	9.700000	0.000000	0.000000	0	0.000000
277	10579015504_0070225850	0.000000	9.700000	0.000000	100.000000	0	0.000000
278	10573897457_0070224382	0.000000	9.700000	0.000000	100.000000	0	0.000000
279	10024800721_0070170938	1.000000	9.700000	0.000020	93.000000	152	0.000000
280	10579007869_0070225850	0.000000	9.700000	0.000000	0.000000	0	0.000000
281	10573888375_0070224382	7.000000	9.700000	0.000810	100.000000	1	0.000000
282	10579007777_0070225850	0.000000	9.700000	0.000000	0.000000	0	0.000000
283	10579018769_0070225850	0.000000	9.700000	0.000000	100.000000	0	0.000000
284	10579000198_0070225850	0.000000	9.700000	0.000000	100.000000	0	0.000000
285	10573911316_0070224382	0.000000	9.700000	0.000000	100.000000	0	0.000000
286	10578995377_0070225850	0.000000	9.700000	0.000000	100.000000	0	0.000000
287	10579008012_0070225850	0.000000	9.700000	0.000000	0.000000	0	0.000000
288	10578986368_0070225850	0.000000	9.700000	0.000000	100.000000	0	0.000000
289	10579016044_0070225850	0.000000	9.700000	0.000000	100.000000	0	0.000000
290	10579000679_0070225850	0.000000	9.700000	0.000000	100.000000	0	0.000000
291	10579019066_0070225850	1.000000	9.700000	0.000000	100.000000	0	0.000000
292	10578995186_0070225850	0.000000	9.700000	0.000000	100.000000	0	0.000000
293	10579007845_0070225850	0.000000	9.700000	0.000000	0.000000	0	0.000000
294	10573900400_0070224382	0.000000	9.700000	0.000000	100.000000	0	0.000000
295	10573897945_0070224382	0.000000	9.700000	0.000000	100.000000	0	0.000000
296	10573889833_0070224382	0.000000	9.700000	0.000000	100.000000	0	0.000000
297	10579007999_0070225850	0.000000	9.700000	0.000000	0.000000	0	0.000000
298	10573896934_0070224382	0.000000	9.700000	0.000000	100.000000	0	0.000000
299	10573866255_0070224382	0.000000	9.700000	0.000000	100.000000	0	0.000000
300	10579007752_0070225850	0.000000	9.700000	0.000000	0.000000	0	0.000000
301	10579007842_0070225850	0.000000	9.700000	0.000000	0.000000	0	0.000000
302	10578995361_0070225850	0.000000	9.700000	0.000000	100.000000	0	0.000000
303	10573888326_0070224382	0.000000	9.700000	0.000000	100.000000	0	0.000000
304	10579051297_0070225850	0.000000	9.700000	0.000000	100.000000	0	0.000000
305	10435482791_0070203680	88.000000	9.770000	0.003440	88.000000	77	0.000000
306	10435438014_0070203680	32.000000	9.770000	0.000800	88.000000	77	0.000000
307	10435430894_0070203680	52.000000	9.770000	0.001860	88.000000	77	0.000000
308	10029541564_0070170938	32.000000	9.780000	0.000552	96.000000	702	0.000000
309	10028303867_0070170938	11.000000	9.780000	0.000190	96.000000	702	0.000000
310	10028310526_0070170938	12.000000	9.780000	0.000390	96.000000	702	0.000000
311	10297564485_0070203680	8.000000	9.790000	0.000660	100.000000	24	0.000000
312	10039978365_0070170938	0.000000	9.790000	0.000000	94.000000	46	0.000000
313	10074158346_0070170938	0.000000	9.790000	0.000000	100.000000	1	0.000000
314	10074174552_0070170938	0.000000	9.790000	0.000000	100.000000	1	0.000000
315	10074183049_0070170938	0.000000	9.790000	0.000000	100.000000	1	0.000000
316	10297331394_0070203680	5.000000	9.790000	0.000310	100.000000	9	0.000000
317	10311497380_0070203680	12.000000	9.790000	0.000140	90.000000	10	0.000000
318	10297358213_0070203680	7.000000	9.790000	0.000340	100.000000	9	0.000000
319	10074180044_0070170938	0.000000	9.790000	0.000000	100.000000	1	0.000000
320	10311494702_0070203680	5.000000	9.790000	0.000140	90.000000	10	0.000000
321	10297546647_0070203680	8.000000	9.790000	0.000540	100.000000	24	0.000000
322	10039635151_0070170938	0.000000	9.790000	0.000000	94.000000	46	0.000000
323	10045571294_0070170938	1.000000	9.790000	0.000780	94.000000	46	0.000000
324	10579001992_0070225850	0.000000	9.800000	0.000000	100.000000	0	0.000000
325	673809459_0070121079	0.000000	9.800000	0.000010	100.000000	67	0.750670
326	10541074092_0070208631	0.000000	9.800000	0.000000	100.000000	0	0.000000
327	10586186417_0070067633	0.000000	9.800000	0.000000	0.000000	0	0.742760
328	10136286188_0070183531	4.000000	9.800000	0.000048	98.000000	385	0.000000
329	10579007741_0070225850	0.000000	9.800000	0.000000	0.000000	0	0.000000
330	10351590620_0070204109	2.000000	9.800000	0.000780	100.000000	16	0.000000
331	10436086177_0070138403	6.000000	9.800000	0.000850	100.000000	7	0.704640
332	10577786854_0070121079	0.000000	9.800000	0.000000	0.000000	0	0.750670
333	10037201696_0070166225	17.000000	9.800000	0.000320	100.000000	52	0.757070
334	10577813628_0070121079	0.000000	9.800000	0.000090	0.000000	0	0.750670
335	10579000158_0070225850	0.000000	9.800000	0.000000	100.000000	0	0.000000
336	10573870468_0070224382	0.000000	9.800000	0.000000	100.000000	0	0.000000
337	10475845851_0070121079	5.000000	9.800000	0.001560	100.000000	23	0.750670
338	10566815685_0070121079	1.000000	9.800000	0.000090	0.000000	0	0.750670
339	10136270149_0070183531	1.000000	9.800000	0.000020	98.000000	385	0.000000
340	10578994119_0070225850	0.000000	9.800000	0.000000	100.000000	0	0.000000
341	10136351831_0070183531	1.000000	9.800000	0.000024	98.000000	385	0.000000
342	10475837441_0070121079	8.000000	9.800000	0.004440	100.000000	23	0.750670
343	10573897115_0070224382	0.000000	9.800000	0.000000	100.000000	0	0.000000
344	10584427227_0070183531	0.000000	9.800000	0.000000	0.000000	0	0.000000
345	10577795822_0070121079	0.000000	9.800000	0.000000	0.000000	0	0.750670
346	10475843885_0070121079	5.000000	9.800000	0.003110	100.000000	23	0.750670
347	670333106_0070170158	2.000000	9.800000	0.000330	100.000000	4	0.000000
348	10135869185_0070183531	105.000000	9.800000	0.001596	98.000000	385	0.000000
349	10275740792_0070204109	1.000000	9.800000	0.000000	100.000000	7	0.000000
350	10136246722_0070183531	2.000000	9.800000	0.000012	98.000000	385	0.000000
351	10577812408_0070121079	0.000000	9.800000	0.000000	0.000000	0	0.750670
352	10136386135_0070183531	5.000000	9.800000	0.000132	98.000000	385	0.000000
353	10006873097_0070121079	3.000000	9.800000	0.001480	93.000000	14	0.750670
354	10573874473_0070224382	0.000000	9.800000	0.000000	100.000000	0	0.000000
355	10577813222_0070121079	0.000000	9.800000	0.000000	0.000000	0	0.750670
356	10135931381_0070183531	4.000000	9.800000	0.000060	98.000000	385	0.000000
357	10579014595_0070225850	0.000000	9.800000	0.000000	100.000000	0	0.000000
358	10581943429_0070220934	0.000000	9.800000	0.000000	100.000000	0	0.000000
359	10566485791_0070121079	2.000000	9.800000	0.000090	0.000000	0	0.750670
360	10577814318_0070121079	0.000000	9.800000	0.000000	0.000000	0	0.750670
361	673808427_0070121079	0.000000	9.800000	0.000020	100.000000	67	0.750670
362	10541074195_0070208631	4.000000	9.800000	0.000090	100.000000	1	0.000000
363	10006871994_0070121079	1.000000	9.800000	0.000780	93.000000	14	0.750670
364	10541101697_0070208631	0.000000	9.800000	0.000170	100.000000	0	0.000000
365	10583856278_0070118202	201.000000	9.800000	0.011530	0.000000	0	0.856720
366	10578987202_0070225850	0.000000	9.800000	0.000000	100.000000	0	0.000000
367	10566485135_0070121079	18.000000	9.800000	0.001740	100.000000	2	0.750670
368	10573918323_0070224382	0.000000	9.800000	0.000000	100.000000	0	0.000000
369	10475845245_0070121079	0.000000	9.800000	0.000000	100.000000	23	0.750670
370	10573897669_0070224382	0.000000	9.800000	0.000000	100.000000	0	0.000000
371	10579004053_0070225850	0.000000	9.800000	0.000000	100.000000	0	0.000000
372	10577768754_0070121079	1.000000	9.800000	0.000260	0.000000	0	0.750670
373	10579014318_0070225850	0.000000	9.800000	0.000000	100.000000	0	0.000000
374	673810223_0070121079	0.000000	9.800000	0.000020	100.000000	67	0.750670
375	10006873990_0070121079	1.000000	9.800000	0.000780	93.000000	14	0.750670
376	10579045596_0070225850	0.000000	9.800000	0.000000	100.000000	0	0.000000
377	839364076_0070164450	0.000000	9.800000	0.000000	0.000000	0	0.644930
378	673807686_0070121079	0.000000	9.800000	0.000010	100.000000	67	0.750670
379	10541099043_0070208631	7.000000	9.800000	0.000270	50.000000	2	0.000000
380	10566821818_0070121079	2.000000	9.800000	0.000090	50.000000	2	0.750670
381	10351539353_0070204109	1.000000	9.800000	0.000460	100.000000	16	0.000000
382	10136319184_0070183531	0.000000	9.800000	0.000012	98.000000	385	0.000000
383	10006871179_0070121079	1.000000	9.800000	0.000480	93.000000	14	0.750670
384	10573884724_0070224382	0.000000	9.800000	0.000000	100.000000	0	0.000000
385	10136412135_0070183531	1.000000	9.800000	0.000012	98.000000	385	0.000000
386	10578999919_0070225850	0.000000	9.800000	0.000000	100.000000	0	0.000000
387	10541074443_0070208631	8.000000	9.800000	0.000270	0.000000	1	0.000000
388	10573865540_0070224382	0.000000	9.800000	0.000000	100.000000	0	0.000000
389	10049383154_0070170938	0.000000	9.800000	0.000020	83.000000	6	0.000000
390	10475835698_0070121079	21.000000	9.800000	0.004210	100.000000	23	0.750670
391	615555364_0070121079	0.000000	9.800000	0.000050	88.000000	17	0.750670
392	10037195144_0070166225	10.000000	9.800000	0.000820	100.000000	46	0.757070
393	10541074184_0070208631	6.000000	9.800000	0.000430	75.000000	4	0.000000
394	669251252_0070164450	0.000000	9.800000	0.000000	0.000000	0	0.644930
395	10136481099_0070183531	4.000000	9.800000	0.000030	98.000000	385	0.000000
396	10573889187_0070224382	0.000000	9.800000	0.000000	100.000000	0	0.000000
397	10541100681_0070208631	0.000000	9.800000	0.000000	100.000000	0	0.000000
398	10135902358_0070183531	2.000000	9.800000	0.000036	98.000000	385	0.000000
399	10541073674_0070208631	0.000000	9.800000	0.000000	100.000000	1	0.000000
400	10136371220_0070183531	1.000000	9.800000	0.000012	98.000000	385	0.000000
401	10227451341_0070203680	5.000000	9.890000	0.000170	100.000000	2	0.000000
402	10227408953_0070203680	4.000000	9.890000	0.009070	100.000000	2	0.000000
403	10227447472_0070203680	0.000000	9.890000	0.000000	100.000000	2	0.000000
404	10372646712_0070143774	0.000000	9.900000	0.000000	100.000000	0	0.712730
405	10581867189_0070221122	0.000000	9.900000	0.000000	100.000000	0	0.000000
406	10581320612_0070131588	0.000000	9.900000	0.000000	0.000000	0	0.705220
407	186638091_0070137013	1.000000	9.900000	0.000090	95.000000	1069	0.866940
408	645438422_0070166225	53.000000	9.900000	0.001740	97.000000	910	0.757070
409	794467755_0070175978	2.000000	9.900000	0.000390	100.000000	1	0.000000
410	686675129_0070068783	0.000000	9.900000	0.000320	0.000000	0	0.767180
411	686668632_0070068783	1.000000	9.900000	0.000060	100.000000	10	0.767180
412	187358736_0070062522	52.000000	9.900000	0.001660	100.000000	113	0.892230
413	695038412_0070152425	4.000000	9.900000	0.000320	98.000000	49	0.734920
414	709907450_0070173673	1.000000	9.900000	0.002190	100.000000	2	0.000000
415	604261666_0070075671	0.000000	9.900000	0.000030	100.000000	11	0.775910
416	655038561_0070137013	90.000000	9.900000	0.010590	98.000000	35586	0.866940
417	611391396_0070099505	1.000000	9.900000	0.000040	94.000000	214	0.733900
418	640364173_0070137013	4.000000	9.900000	0.000640	98.000000	35586	0.866940
419	10577660147_0070162950	6.000000	9.900000	0.000560	97.000000	513	0.818900
420	610814941_0070137013	9.000000	9.900000	0.002730	97.000000	167	0.866940
421	10400015073_0070166225	9.000000	9.900000	0.001070	98.000000	41	0.757070
422	611390881_0070099505	0.000000	9.900000	0.000030	94.000000	214	0.733900
423	10243939618_0000000000	1118.000000	9.900000	0.074310	99.000000	9802	1.000000
424	686669108_0070068783	0.000000	9.900000	0.000010	100.000000	10	0.767180
425	190799522_0070139577	16.000000	9.900000	0.002560	98.000000	1334	0.756690
426	10583716522_0070225188	0.000000	9.900000	0.000000	0.000000	0	0.000000
427	10586080838_0070221176	0.000000	9.900000	0.000000	0.000000	0	0.000000
428	611390983_0070099505	0.000000	9.900000	0.000010	94.000000	214	0.733900
429	151971812_0070137013	1.000000	9.900000	0.000240	96.000000	53	0.866940
430	10549412261_0070203680	2.000000	9.900000	0.000050	100.000000	2	0.000000
431	686681088_0070068783	0.000000	9.900000	0.000010	100.000000	2	0.767180
432	10448623075_0070068276	3.000000	9.900000	0.000110	100.000000	16	0.625510
433	157671583_0070137151	3.000000	9.900000	0.000470	98.000000	1280	0.769700
434	686667929_0070068783	0.000000	9.900000	0.000000	100.000000	10	0.767180
435	10586953883_0070218511	0.000000	9.900000	0.000000	0.000000	0	0.000000
436	10319600249_0070163963	6.000000	9.900000	0.001780	99.000000	86	0.714520
437	10583993257_0070225188	0.000000	9.900000	0.000000	0.000000	0	0.000000
438	193281878_0070137205	0.000000	9.900000	0.000400	97.000000	129	0.820390
439	611209664_0070099505	0.000000	9.900000	0.000090	94.000000	214	0.733900
440	10585908214_0070221176	0.000000	9.900000	0.000000	0.000000	0	0.000000
441	686677365_0070068783	0.000000	9.900000	0.000000	0.000000	0	0.767180
442	186638095_0070137013	6.000000	9.900000	0.000160	95.000000	1069	0.866940
443	10447831043_0070068276	11.000000	9.900000	0.000400	100.000000	22	0.625510
444	185042535_0070139577	0.000000	9.900000	0.000060	98.000000	1712	0.756690
445	621669752_0070086379	24.000000	9.900000	0.001710	98.000000	1031	0.726170
446	10372697794_0070143774	0.000000	9.900000	0.000000	100.000000	0	0.712730
447	605847237_0070137013	40.000000	9.900000	0.012710	98.000000	2069	0.866940
448	10539964746_0070137151	0.000000	9.900000	0.000000	100.000000	0	0.769700
449	10584423921_0070221176	0.000000	9.900000	0.000000	0.000000	0	0.000000
450	10567027952_0070196572	0.000000	9.900000	0.000000	100.000000	0	0.000000
451	10567028587_0070196572	0.000000	9.900000	0.000000	100.000000	0	0.000000
452	157671584_0070137151	9.000000	9.900000	0.001200	98.000000	1280	0.769700
453	10364665072_0070137013	24.000000	9.900000	0.001810	100.000000	82	0.866940
454	156970062_0070137151	4.000000	9.900000	0.001650	98.000000	1280	0.769700
455	602322702_0070075671	0.000000	9.900000	0.000190	95.000000	62	0.775910
456	617604471_0070137310	0.000000	9.900000	0.000090	96.000000	27	0.781690
457	608341918_0070113815	10.000000	9.900000	0.002340	96.000000	212	0.677120
458	818223113_0070175978	0.000000	9.900000	0.000510	100.000000	1	0.000000
459	154267155_0070137013	0.000000	9.900000	0.000270	98.000000	45	0.866940
460	186638093_0070137013	7.000000	9.900000	0.000190	95.000000	1069	0.866940
461	655040058_0070137013	37.000000	9.900000	0.005010	98.000000	35586	0.866940
462	10586893677_0070221176	0.000000	9.900000	0.000000	0.000000	0	0.000000
463	10106070448_0070170938	23.000000	9.900000	0.001860	98.000000	284	0.000000
464	10109571366_0070166225	10.000000	9.900000	0.001460	99.000000	120	0.757070
465	10549414010_0070203680	0.000000	9.900000	0.000000	100.000000	2	0.000000
466	186638092_0070137013	1.000000	9.900000	0.000080	95.000000	1069	0.866940
467	10573814398_0070073944	27.000000	9.900000	0.002510	100.000000	10	0.733320
468	10243824753_0070163963	4.000000	9.900000	0.000984	100.000000	72	0.714520
469	10567028237_0070196572	1.000000	9.900000	0.000000	100.000000	0	0.000000
470	10447826276_0070068276	4.000000	9.900000	0.000220	100.000000	22	0.625510
471	182445092_0070136886	0.000000	9.900000	0.000020	100.000000	3	0.730190
472	188722947_0070137013	116.000000	9.900000	0.004250	96.000000	5691	0.866940
473	168113255_0070143774	0.000000	9.900000	0.000270	97.000000	35	0.712730
474	686675613_0070068783	0.000000	9.900000	0.000020	80.000000	5	0.767180
475	183165585_0070131588	1.000000	9.900000	0.001060	98.000000	182	0.705220
476	10586894225_0070221176	0.000000	9.900000	0.000000	0.000000	0	0.000000
477	10585943662_0070221176	0.000000	9.900000	0.000000	0.000000	0	0.000000
478	686679282_0070068783	0.000000	9.900000	0.000000	100.000000	1	0.767180
479	10583992479_0070225188	0.000000	9.900000	0.000000	0.000000	0	0.000000
480	10253376251_0070163963	11.000000	9.900000	0.000732	99.000000	201	0.714520
481	10551281576_0070203680	5.000000	9.900000	0.000120	100.000000	6	0.000000
482	834966803_0070175978	0.000000	9.900000	0.000000	0.000000	0	0.000000
483	630760158_0070166225	12.000000	9.900000	0.000850	98.000000	242	0.757070
484	184951917_0070139577	0.000000	9.900000	0.000250	98.000000	1712	0.756690
485	10583992579_0070225188	0.000000	9.900000	0.000000	0.000000	0	0.000000
486	154395165_0070076211	0.000000	9.900000	0.000000	0.000000	0	0.593230
487	10549411078_0070203680	0.000000	9.900000	0.000000	100.000000	2	0.000000
488	10581864863_0070221122	1.000000	9.900000	0.000200	100.000000	0	0.000000
489	155439658_0070139141	0.000000	9.900000	0.000190	88.000000	8	0.662400
490	10567028301_0070196572	0.000000	9.900000	0.000000	100.000000	0	0.000000
491	10224712983_0070173291	0.000000	9.900000	0.000200	100.000000	1	0.000000
492	10448628876_0070068276	0.000000	9.900000	0.000010	100.000000	16	0.625510
493	614100020_0070158900	0.000000	9.900000	0.000200	97.000000	75	0.786560
494	721327697_0070174335	1.000000	9.900000	0.000240	100.000000	1	0.000000
495	151971859_0070137013	1.000000	9.900000	0.000440	99.000000	97	0.866940
496	688725349_0070137013	76.000000	9.900000	0.010310	97.000000	969	0.866940
497	10298145398_0070203680	5.000000	9.900000	0.000050	86.000000	7	0.000000
498	644596612_0070166225	0.000000	9.900000	0.000340	100.000000	91	0.757070
499	10585884537_0070221176	0.000000	9.900000	0.000000	0.000000	0	0.000000
500	836472701_0070175978	0.000000	9.900000	0.000000	0.000000	0	0.000000
501	602919386_0000000000	35.000000	9.900000	0.004710	98.000000	1386	1.000000
502	10539964506_0070137151	0.000000	9.900000	0.000000	100.000000	1	0.769700
503	128803685_0070070727	38.000000	9.900000	0.026160	99.000000	986	0.831430
504	10565802118_0070090368	0.000000	9.900000	0.000000	0.000000	0	0.703260
505	10044554312_0070166225	3.000000	9.900000	0.000210	100.000000	48	0.757070
506	10518572837_0070137151	1.000000	9.900000	0.000190	100.000000	2	0.769700
507	632084195_0070166225	31.000000	9.900000	0.001590	98.000000	1611	0.757070
508	156243827_0070137151	2.000000	9.900000	0.001110	98.000000	1280	0.769700
509	184840932_0070139577	8.000000	9.900000	0.000320	99.000000	160	0.756690
510	10448109180_0070208586	0.000000	9.900000	0.000000	0.000000	0	0.000000
511	645438301_0070166225	52.000000	9.900000	0.001860	97.000000	910	0.757070
512	616406229_0070145693	26.000000	9.900000	0.001320	96.000000	472	0.841810
513	10577061924_0070221176	2.000000	9.900000	0.000550	100.000000	0	0.000000
514	686669815_0070068783	0.000000	9.900000	0.000000	100.000000	10	0.767180
515	601029639_0000000000	32.000000	9.900000	0.004490	99.000000	787	1.000000
516	10049681514_0070166225	36.000000	9.900000	0.001680	99.000000	199	0.757070
517	10586081287_0070221176	0.000000	9.900000	0.000000	0.000000	0	0.000000
518	148420046_0070123270	6.000000	9.900000	0.000080	97.000000	250	0.778320
519	10023289945_0070170938	6.000000	9.900000	0.003040	93.000000	152	0.000000
520	10211775908_0070173291	0.000000	9.900000	0.000020	100.000000	2	0.000000
521	171920843_0070137205	18.000000	9.900000	0.002530	94.000000	497	0.820390
522	10588362695_0070137013	0.000000	9.900000	0.000000	100.000000	82	0.866940
523	127034279_0070068516	1.000000	9.900000	0.000060	100.000000	3	0.679280
524	10584428543_0070221176	0.000000	9.900000	0.000000	0.000000	0	0.000000
525	10583993375_0070225188	0.000000	9.900000	0.000000	0.000000	0	0.000000
526	10293651419_0070119328	9.000000	9.900000	0.002556	100.000000	4	0.486680
527	614168323_0070158900	0.000000	9.900000	0.000020	97.000000	75	0.786560
528	651515936_0070166225	13.000000	9.900000	0.001660	98.000000	1611	0.757070
529	10513060470_0070137013	16.000000	9.900000	0.001170	98.000000	35586	0.866940
530	159835379_0070132103	0.000000	9.900000	0.000120	96.000000	159	0.731920
531	184671112_0070139577	6.000000	9.900000	0.000270	99.000000	160	0.756690
532	193321211_0070129553	55.000000	9.900000	0.006560	99.000000	999	0.718750
533	10586888443_0070221176	0.000000	9.900000	0.000000	0.000000	0	0.000000
534	815294958_0070175978	0.000000	9.900000	0.000000	0.000000	0	0.000000
535	608343439_0070113815	9.000000	9.900000	0.002540	96.000000	212	0.677120
536	619407193_0070162950	71.000000	9.900000	0.002520	97.000000	513	0.818900
537	686670352_0070068783	2.000000	9.900000	0.000100	100.000000	10	0.767180
538	614828323_0070086379	2.000000	9.900000	0.000300	98.000000	1031	0.726170
539	141855825_0070064101	0.000000	9.900000	0.000660	99.000000	819	0.831350
540	191456293_0070153133	5.000000	9.900000	0.054770	99.000000	1710	0.781780
541	10583991736_0070225188	0.000000	9.900000	0.000000	0.000000	0	0.000000
542	10551749999_0070131588	2.000000	9.900000	0.000390	91.000000	11	0.705220
543	686676227_0070068783	0.000000	9.900000	0.000010	100.000000	1	0.767180
544	614272067_0000000000	26.000000	9.900000	0.003960	97.000000	909	1.000000
545	683561460_0070166454	1.000000	9.900000	0.000180	98.000000	133	0.676690
546	186638089_0070137013	1.000000	9.900000	0.000200	95.000000	1069	0.866940
547	703840135_0070170938	4.000000	9.900000	0.000520	97.000000	33	0.000000
548	10583991625_0070225188	0.000000	9.900000	0.000000	0.000000	0	0.000000
549	614094486_0070158900	0.000000	9.900000	0.000020	97.000000	75	0.786560
550	10224706228_0070173291	0.000000	9.900000	0.000000	100.000000	1	0.000000
551	10588362725_0070137013	0.000000	9.900000	0.000000	100.000000	82	0.866940
552	716100610_0070166742	1.000000	9.900000	0.000090	94.000000	17	0.563660
553	150618433_0070066087	0.000000	9.900000	0.000010	60.000000	5	0.669120
554	686678678_0070068783	0.000000	9.900000	0.000000	0.000000	0	0.767180
555	189029363_0070143544	12.000000	9.900000	0.005180	98.000000	491	0.752320
556	133539595_0070092086	1.000000	9.900000	0.001700	0.000000	0	0.711900
557	160954901_0070113815	1.000000	9.900000	0.000010	100.000000	4	0.677120
558	10224699961_0070173291	0.000000	9.900000	0.000000	100.000000	1	0.000000
559	10531514555_0070205809	7.000000	9.900000	0.000980	100.000000	3	0.000000
560	624116214_0070139716	0.000000	9.900000	0.000010	100.000000	4	0.673120
561	10580118319_0070225188	0.000000	9.900000	0.000000	100.000000	0	0.000000
562	608342256_0070113815	4.000000	9.900000	0.000290	96.000000	212	0.677120
563	183167045_0070131588	4.000000	9.900000	0.000980	98.000000	182	0.705220
564	10583992014_0070225188	0.000000	9.900000	0.000000	0.000000	0	0.000000
565	10027204686_0070175978	0.000000	9.900000	0.000000	0.000000	0	0.000000
566	10556886325_0070134209	0.000000	9.900000	0.000000	0.000000	0	0.662260
567	10019566934_0070175978	1.000000	9.900000	0.000000	0.000000	0	0.000000
568	186638090_0070137013	4.000000	9.900000	0.000070	95.000000	1069	0.866940
569	10567027680_0070196572	1.000000	9.900000	0.000000	100.000000	0	0.000000
570	10567028883_0070196572	0.000000	9.900000	0.000000	100.000000	0	0.000000
571	10563110683_0070166957	29.000000	9.900000	0.078360	100.000000	3	0.695950
572	10546629686_0000000000	231.000000	9.900000	0.012140	100.000000	0	1.000000
573	10019826507_0070137151	23.000000	9.900000	0.003520	96.000000	198	0.769700
574	143355790_0070068943	2.000000	9.900000	0.000140	0.000000	0	0.835430
575	10584430773_0070221176	0.000000	9.900000	0.000000	0.000000	0	0.000000
576	183165992_0070131588	3.000000	9.900000	0.001430	98.000000	182	0.705220
577	183156111_0070131588	10.000000	9.900000	0.005490	98.000000	182	0.705220
578	721340522_0070174335	0.000000	9.900000	0.000010	100.000000	5	0.000000
579	157670995_0070137151	2.000000	9.900000	0.000510	98.000000	1280	0.769700
580	10109658925_0070166225	10.000000	9.900000	0.000840	99.000000	120	0.757070
581	10039476078_0070175978	1.000000	9.900000	0.000000	0.000000	0	0.000000
582	10447822434_0070068276	1.000000	9.900000	0.000050	100.000000	22	0.625510
583	157671565_0070137151	1.000000	9.900000	0.000240	98.000000	1280	0.769700
584	10567028714_0070196572	1.000000	9.900000	0.000000	100.000000	0	0.000000
585	166667223_0000000000	27.000000	9.900000	0.004530	99.000000	739	1.000000
586	10399878637_0070166225	10.000000	9.900000	0.000420	98.000000	41	0.757070
587	159928200_0070132103	1.000000	9.900000	0.000820	96.000000	159	0.731920
588	192372176_0070137013	134.000000	9.900000	0.014480	98.000000	35586	0.866940
589	159040519_0070137404	4.000000	9.900000	0.004710	95.000000	2746	0.790780
590	151971776_0070137013	0.000000	9.900000	0.000040	100.000000	14	0.866940
591	125528673_0070068783	6.000000	9.900000	0.005840	89.000000	2789	0.767180
592	10581688668_0070221176	0.000000	9.900000	0.000000	0.000000	0	0.000000
593	10586886957_0070221176	0.000000	9.900000	0.000000	0.000000	0	0.000000
594	126421937_0070069338	56.000000	9.900000	0.127090	99.000000	230	0.800530
595	10583429188_0070226488	6.000000	9.900000	0.000050	0.000000	0	0.000000
596	611390732_0070099505	1.000000	9.900000	0.000100	94.000000	214	0.733900
597	619668697_0070162950	42.000000	9.900000	0.003260	97.000000	513	0.818900
598	10224708956_0070173291	0.000000	9.900000	0.000000	100.000000	1	0.000000
599	157671566_0070137151	4.000000	9.900000	0.000210	98.000000	1280	0.769700
600	10518571848_0070137151	0.000000	9.900000	0.000000	100.000000	2	0.769700
